fy,month_label,calendar_year,calendar_month,value,period
2017-2018,Jan,2018,1,1379.79,2018-01
2017-2018,Feb,2018,2,1149.08,2018-02
2017-2018,Mar,2018,3,1299.77,2018-03
2017-2018,Apr,2018,4,1331.33,2018-04
2017-2018,May,2018,5,1504.98,2018-05
2017-2018,Jun,2018,6,1384.37,2018-06
2018-2019,Jul,2018,7,1318.18,2018-07
2018-2019,Aug,2018,8,1411.05,2018-08
2018-2019,Sep,2018,9,1139.66,2018-09
2018-2019,Oct,2018,10,1239.11,2018-10
2018-2019,Nov,2018,11,1180.44,2018-11
2018-2019,Dec,2018,12,1206.91,2018-12
2018-2019,Jan,2019,1,1597.21,2019-01
2018-2019,Feb,2019,2,1317.73,2019-02
2018-2019,Mar,2019,3,1458.68,2019-03
2018-2019,Apr,2019,4,1434.3,2019-04
2018-2019,May,2019,5,1748.16,2019-05
2018-2019,Jun,2019,6,1368.2,2019-06
2019-2020,Jul,2019,7,1597.69,2019-07
2019-2020,Aug,2019,8,1444.75,2019-08
2019-2020,Sep,2019,9,1476.91,2019-09
2019-2020,Oct,2019,10,1641.67,2019-10
2019-2020,Nov,2019,11,1555.23,2019-11
2019-2020,Dec,2019,12,1691.68,2019-12
2019-2020,Jan,2020,1,1638.43,2020-01
2019-2020,Feb,2020,2,1452.2,2020-02
2019-2020,Mar,2020,3,1276.29,2020-03
2019-2020,Apr,2020,4,1092.96,2020-04
2019-2020,May,2020,5,1504.6,2020-05
2019-2020,Jun,2020,6,1832.63,2020-06
2020-2021,Jul,2020,7,2598.21,2020-07
2020-2021,Aug,2020,8,1963.94,2020-08
2020-2021,Sep,2020,9,2151.05,2020-09
2020-2021,Oct,2020,10,2102.16,2020-10
2020-2021,Nov,2020,11,2078.74,2020-11
2020-2021,Dec,2020,12,2050.65,2020-12
2020-2021,Jan,2021,1,1961.91,2021-01
2020-2021,Feb,2021,2,1780.59,2021-02
2020-2021,Mar,2021,3,1910.98,2021-03
2020-2021,Apr,2021,4,2067.64,2021-04
2020-2021,May,2021,5,2171.03,2021-05
2020-2021,Jun,2021,6,1940.81,2021-06
2021-2022,Jul,2021,7,1871.49,2021-07
2021-2022,Aug,2021,8,1810.1,2021-08
2021-2022,Sep,2021,9,1726.71,2021-09
2021-2022,Oct,2021,10,1646.87,2021-10
2021-2022,Nov,2021,11,1553.73,2021-11
2021-2022,Dec,2021,12,1630.66,2021-12
2021-2022,Jan,2022,1,1704.53,2022-01
2021-2022,Feb,2022,2,1494.47,2022-02
2021-2022,Mar,2022,3,1859.73,2022-03
2021-2022,Apr,2022,4,2010.81,2022-04
2021-2022,May,2022,5,1885.34,2022-05
2021-2022,Jun,2022,6,1837.27,2022-06
2022-2023,Jul,2022,7,2096.32,2022-07
2022-2023,Aug,2022,8,2036.93,2022-08
2022-2023,Sep,2022,9,1539.6,2022-09
2022-2023,Oct,2022,10,1525.54,2022-10
2022-2023,Nov,2022,11,1595.17,2022-11
2022-2023,Dec,2022,12,1699.7,2022-12
2022-2023,Jan,2023,1,1958.87,2023-01
2022-2023,Feb,2023,2,1560.48,2023-02
2022-2023,Mar,2023,3,2022.47,2023-03
2022-2023,Apr,2023,4,1684.91,2023-04
2022-2023,May,2023,5,1691.66,2023-05
2022-2023,Jun,2023,6,2199.08,2023-06
2023-2024,Jul,2023,7,1973.15,2023-07
2023-2024,Aug,2023,8,1599.45,2023-08
2023-2024,Sep,2023,9,1334.35,2023-09
2023-2024,Oct,2023,10,1971.43,2023-10
2023-2024,Nov,2023,11,1930.04,2023-11
2023-2024,Dec,2023,12,1991.26,2023-12
2023-2024,Jan,2024,1,2113.15,2024-01
2023-2024,Feb,2024,2,2164.56,2024-02
2023-2024,Mar,2024,3,1997.07,2024-03
2023-2024,Apr,2024,4,2044.23,2024-04
2023-2024,May,2024,5,2254.93,2024-05
2023-2024,Jun,2024,6,2538.6,2024-06
2024-2025,Jul,2024,7,1913.77,2024-07
2024-2025,Aug,2024,8,2224.15,2024-08
2024-2025,Sep,2024,9,2404.11,2024-09
2024-2025,Oct,2024,10,2395.08,2024-10
2024-2025,Nov,2024,11,2199.99,2024-11
2024-2025,Dec,2024,12,2638.78,2024-12
2024-2025,Jan,2025,1,2185.23,2025-01
2024-2025,Feb,2025,2,2527.65,2025-02
2024-2025,Mar,2025,3,3295.63,2025-03
2024-2025,Apr,2025,4,2752.33,2025-04
2024-2025,May,2025,5,2969.56,2025-05
2024-2025,Jun,2025,6,2822.53,2025-06
2025-2026,Jul,2025,7,2477.87,2025-07
2025-2026,Aug,2025,8,2421.89,2025-08
2025-2026,Sep,2025,9,2685.56,2025-09
2025-2026,Oct,2025,10,2562.44,2025-10
2025-2026,Nov,2025,11,2889.73,2025-11
2025-2026,Dec,2025,12,3223.67,2025-12
2025-2026,Jan,2026,1,3171.63,2026-01
2025-2026,Feb,2026,2,3019.45,2026-02
2025-2026,Mar,2026,3,3752.21,2026-03
2025-2026,Apr,2026,4,3123.32,2026-04
2025-2026,May,2026,5,3442.58,2026-05
2025-2026,Jun,2026,6,2819.03,2026-06
2026-2027,Jul,2026,7,2858.76,2026-07
