country_iso3,country_name,month,reserves_usd_mn_SOURCE,exchange_rate_eop_SOURCE,pct_change_exchange_rate_CALCULATED,pct_change_reserves_CALCULATED,alpha_CALCULATED,EMP_CALCULATED
BGD,Bangladesh,2018-M02,32962.21852896159,82.96,0.0007237635705668041,0.020885168804400275,0.16130535801648385,-0.0026451260606616825
BGD,Bangladesh,2018-M03,31996.05165835314,82.96,0.0,-0.029311342310273995,0.16130535801648385,0.004728076565302458
BGD,Bangladesh,2018-M04,32501.018051086,82.98,0.00024108003857292953,0.015782147063793463,0.16130535801648385,-0.0023046648438210748
BGD,Bangladesh,2018-M05,31766.58752864546,83.7,0.008676789587852481,-0.02259715438101482,0.16130535801648385,0.012321831665435833
BGD,Bangladesh,2018-M06,32381.81826692638,83.725,0.0002986857825566484,0.019367227837303467,0.16130535801648385,-0.0028253518375263996
BGD,Bangladesh,2018-M07,31557.49659663419,83.75,0.0002985965959988735,-0.025456312042061006,0.16130535801648385,0.004404836123722853
BGD,Bangladesh,2018-M08,32386.94268563701,83.75,0.0,0.026283646627764588,0.16130535801648385,-0.0042396930292703154
BGD,Bangladesh,2018-M09,31424.43692323143,83.75,0.0,-0.02971894481514089,0.16130535801648385,0.004793825033278428
BGD,Bangladesh,2018-M10,31527.49869573703,83.85,0.0011940298507462008,0.003279669664642695,0.16130535801648385,0.0006650015613152094
BGD,Bangladesh,2018-M11,30514.90048750164,83.9,0.0005963029218844528,-0.032117936725894115,0.16130535801648385,0.005777098204205579
BGD,Bangladesh,2018-M12,31452.73912925095,83.9,0.0,0.030733793221230765,0.16130535801648385,-0.004957525518755213
BGD,Bangladesh,2019-M01,30694.71646089908,83.95,0.0005959475566149839,-0.024100370566673846,0.16130535801648385,0.004483466459202238
BGD,Bangladesh,2019-M02,31645.83087999771,84.15,0.002382370458606347,0.030986258508372992,0.16130535801648385,-0.0026158790636780778
BGD,Bangladesh,2019-M03,31171.416708743,84.25,0.0011883541295305325,-0.014991364045826695,0.16130535801648385,0.003606541474098051
BGD,Bangladesh,2019-M04,31551.69266737729,84.45,0.002373887240356117,0.012199508356886152,0.16130535801648385,0.0004060411772235095
BGD,Bangladesh,2019-M05,30768.42761837862,84.5,0.0005920663114268462,-0.024824818663644083,0.16130535801648385,0.004596442573660245
BGD,Bangladesh,2019-M06,32083.67565729401,84.5,0.0,0.042746677055728544,0.16130535801648385,-0.0068952680464893085
BGD,Bangladesh,2019-M07,31452.73113734025,84.5,0.0,-0.01966559339064748,0.16130535801648385,0.0031721655824849906
BGD,Bangladesh,2019-M08,32082.72880988164,84.5,0.0,0.02002998308129314,0.16130535801648385,-0.0032309435919921042
BGD,Bangladesh,2019-M09,31161.72453566616,84.5,0.0,-0.028707167637554765,0.16130535801648385,0.00463061995341499
BGD,Bangladesh,2019-M10,31770.29593025329,84.75,0.0029585798816568047,0.019529451712166686,0.16130535801648385,-0.00019162531863987616
BGD,Bangladesh,2019-M11,31077.26535786672,84.9,0.0017699115044248457,-0.021813790274664464,0.16130535801648385,0.005288592754376091
BGD,Bangladesh,2019-M12,32012.89065071252,84.9,0.0,0.03010642288089749,0.16130535801648385,-0.004856327321398831
BGD,Bangladesh,2020-M01,31676.42367577327,84.9,0.0,-0.010510359049121468,0.16130535801648385,0.001695377229300329
BGD,Bangladesh,2020-M02,32259.51234252637,84.95,0.000588928150765573,0.01840765462418848,0.16130535801648385,-0.0023803251686329344
BGD,Bangladesh,2020-M03,31858.9221861386,84.95,0.0,-0.012417737507447974,0.16130535801648385,0.0020030475943936155
BGD,Bangladesh,2020-M04,32335.9595442824,84.95,0.0,0.014973430530909564,0.16130535801648385,-0.002415294572523317
BGD,Bangladesh,2020-M05,32633.95998195831,84.95,0.0,0.009215759849891382,0.16130535801648385,-0.0014865514419806667
BGD,Bangladesh,2020-M06,35242.89322829694,84.9,-0.0005885815185402844,0.07994534674250321,0.16130535801648385,-0.013484194296591706
BGD,Bangladesh,2020-M07,36418.09453845456,84.8,-0.0011778563015313135,0.0333457671180651,0.16130535801648385,-0.006556707204845099
BGD,Bangladesh,2020-M08,38160.60077111923,84.825,0.00029481132075478403,0.04784726534291134,0.16130535801648385,-0.007423208945493229
BGD,Bangladesh,2020-M09,38467.18285848932,84.84,0.00017683465959328698,0.008033995303399995,0.16130535801648385,-0.001119091829124399
BGD,Bangladesh,2020-M10,40150.66990640036,84.802,-0.000447901933050409,0.04376424065427788,0.16130535801648385,-0.00750730844010826
BGD,Bangladesh,2020-M11,40472.19431241543,84.8,-2.3584349425833703e-05,0.008007946237624582,0.16130535801648385,-0.0013153089842626216
BGD,Bangladesh,2020-M12,42322.36013859409,84.8,0.0,0.045714492569806135,0.16130535801648385,-0.007373992590514469
BGD,Bangladesh,2021-M01,42023.5396413755,84.801106,1.3042452830273077e-05,-0.00706058207151107,0.16130535801648385,0.0011519521716801334
BGD,Bangladesh,2021-M02,43233.72347877037,84.8,-1.3042282726915811e-05,0.02879776067705036,0.16130535801648385,-0.0046582753788115445
BGD,Bangladesh,2021-M03,42684.72586540643,84.8,0.0,-0.012698365284996203,0.16130535801648385,0.0020483143585204025
BGD,Bangladesh,2021-M04,44155.62593938996,84.8,0.0,0.03445963501374186,0.16130535801648385,-0.005558523763008993
BGD,Bangladesh,2021-M05,44108.25728446998,84.8,0.0,-0.0010727660159318725,0.16130535801648385,0.00017304290626780772
BGD,Bangladesh,2021-M06,45599.55106411935,84.8125,0.00014740566037739201,0.03380985492198151,0.16130535801648385,-0.005306305092298214
BGD,Bangladesh,2021-M07,45040.20871314831,84.8,-0.00014738393515110204,-0.012266400390313495,0.16130535801648385,0.0018312521713819536
BGD,Bangladesh,2021-M08,47255.27105349815,85.2,0.004716981132075539,0.04917966420753307,0.16130535801648385,-0.0032159622100510392
BGD,Bangladesh,2021-M09,45411.05976335116,85.5,0.003521126760563347,-0.039026573100366856,0.16130535801648385,0.009816322106674501
BGD,Bangladesh,2021-M10,45664.62874723597,85.675,0.002046783625730961,0.0055838596413786854,0.16130535801648385,0.0011460771471645769
BGD,Bangladesh,2021-M11,44084.05491484228,85.8,0.0014590020426028597,-0.034612650442041745,0.16130535801648385,0.0070422080140558115
BGD,Bangladesh,2021-M12,45348.04644560951,85.8,0.0,0.028672306420289503,0.16130535801648385,-0.004624996652283127
BGD,Bangladesh,2022-M01,44150.01864678058,86.0,0.0023310023310023644,-0.026418509566136204,0.16130535801648385,0.006592449474829868
BGD,Bangladesh,2022-M02,45102.73056682478,86.0,0.0,0.021578969822556745,0.16130535801648385,-0.003480803452854417
BGD,Bangladesh,2022-M03,43276.15813510719,86.2,0.00232558139534887,-0.04049804543455122,0.16130535801648385,0.008858133113136983
BGD,Bangladesh,2022-M04,43159.08400634739,86.45,0.002900232018561485,-0.0027052800850365824,0.16130535801648385,0.0033366081912131747
BGD,Bangladesh,2022-M05,41369.98840660314,89.0,0.029496818970503148,-0.04145351183730241,0.16130535801648385,0.03618349253845977
BGD,Bangladesh,2022-M06,41006.91522180278,93.45,0.05000000000000003,-0.008776245746842059,0.16130535801648385,0.05141565546223503
BGD,Bangladesh,2022-M07,38808.82533512024,94.7,0.01337613697164259,-0.05360290757774074,0.16130535801648385,0.022022573169194558
BGD,Bangladesh,2022-M08,38278.80301218112,95.0,0.003167898627243898,-0.013657262706672887,0.16130535801648385,0.005370888277668941
BGD,Bangladesh,2022-M09,35759.68274840852,96.0,0.010526315789473684,-0.06580979721259721,0.16130535801648385,0.021141788689843878
BGD,Bangladesh,2022-M10,35060.57077654309,97.0,0.010416666666666666,-0.019550284514102515,0.16130535801648385,0.013570232309538093
BGD,Bangladesh,2022-M11,32996.68638914578,98.0,0.010309278350515464,-0.05886625179468354,0.16130535801648385,0.01980472017134538
BGD,Bangladesh,2022-M12,32929.52684136864,99.0,0.01020408163265306,-0.0020353421851241624,0.16130535801648385,0.010532393232510566
BGD,Bangladesh,2023-M01,31346.51830027855,100.0,0.010101010101010102,-0.048072617281017076,0.16130535801648385,0.01785538084231397
BGD,Bangladesh,2023-M02,31451.8328432164,101.0,0.01,0.003359688687879476,0.16130535801648385,0.00945806421337767
BGD,Bangladesh,2023-M03,30255.81084909204,102.0,0.009900990099009901,-0.038027100044896865,0.16130535801648385,0.01603496508608064
BGD,Bangladesh,2023-M04,30070.77972887146,103.0,0.00980392156862745,-0.006115556484123454,0.16130535801648385,0.010790393596769013
BGD,Bangladesh,2023-M05,28985.69368894266,104.5,0.014563106796116505,-0.03608439986300023,0.16130535801648385,0.02038371383482772
BGD,Bangladesh,2023-M06,23891.09145795826,106.0,0.014354066985645933,-0.17576264641642397,0.16130535801648385,0.04270552359177186
BGD,Bangladesh,2023-M07,22492.2113712792,109.0,0.02830188679245283,-0.058552372508418146,0.16130535801648385,0.03774669820263775
BGD,Bangladesh,2023-M08,22372.21358141494,109.5,0.0045871559633027525,-0.005335081903840225,0.16130535801648385,0.005447733259848964
BGD,Bangladesh,2023-M09,20202.694233028,110.25,0.00684931506849315,-0.09697383499812487,0.16130535801648385,0.022491714241097114
BGD,Bangladesh,2023-M10,19814.05254772279,110.5,0.0022675736961451248,-0.019237121584993695,0.16130535801648385,0.005370624480619162
BGD,Bangladesh,2023-M11,18370.38856582798,110.5,0.0,-0.0728606113473101,0.16130535801648385,0.011752806998677742
BGD,Bangladesh,2023-M12,20928.02036212123,110.0,-0.004524886877828055,0.13922578649484194,0.16130535801648385,-0.026982752213505077
BGD,Bangladesh,2024-M01,19026.2712782146,110.0,0.0,-0.09087094961684528,0.16130535801648385,0.014657971061243093
BGD,Bangladesh,2024-M02,19848.4777493079,110.0,0.0,0.04321427246939012,0.16130535801648385,-0.0069706936920968555
BGD,Bangladesh,2024-M03,18895.50791961816,110.0,0.0,-0.048012237599579455,0.16130535801648385,0.007744631175172652
BGD,Bangladesh,2024-M04,18903.63670884171,110.0,0.0,0.00043019691548534626,0.16130535801648385,-6.939306746995083e-05
BGD,Bangladesh,2024-M05,17567.3609539638,117.7,0.07000000000000002,-0.07068881905950414,0.16130535801648385,0.08140248526615579
BGD,Bangladesh,2024-M06,20617.60923581403,118.0,0.0025488530161427115,0.17363155967726568,0.16130535801648385,-0.025458847880559108
BGD,Bangladesh,2024-M07,19303.75337903776,118.0,0.0,-0.06372493734598594,0.16130535801648385,0.010279173833172265
BGD,Bangladesh,2024-M08,19319.67113648019,120.0,0.01694915254237288,0.0008245939082351594,0.16130535801648385,0.016816141126786796
BGD,Bangladesh,2024-M09,18639.86707671375,120.0,0.0,-0.03518714448937004,0.16130535801648385,0.005675874939435581
BGD,Bangladesh,2024-M10,18556.56724557039,120.0,0.0,-0.004468906929461024,0.16130535801648385,0.000720858632199056
BGD,Bangladesh,2024-M11,17398.81538172764,120.0,0.0,-0.062390411357958205,0.16130535801648385,0.010063907640891148
BGD,Bangladesh,2024-M12,20196.79219300853,120.0,0.0,0.16081421349061178,0.16130535801648385,-0.0259401942812424
BGD,Bangladesh,2025-M01,18693.09184550202,121.925925925926,0.016049382716049956,-0.07445243448249382,0.16130535801648385,0.02805895931544743
BGD,Bangladesh,2025-M02,19599.8995679947,122.0,0.0006075334143372228,0.048510312257994945,0.16130535801648385,-0.007217439871930078
BGD,Bangladesh,2025-M03,18971.57947870809,122.0,0.0,-0.03205731167687285,0.16130535801648385,0.005171016137083983
BGD,Bangladesh,2025-M04,20481.18865416773,122.0,0.0,0.07957213985023676,0.16130535801648385,-0.012835412506680162
BGD,Bangladesh,2025-M05,19005.32341201789,122.9,0.007377049180327915,-0.07205955020825983,0.16130535801648385,0.01900064072517806
BGD,Bangladesh,2025-M06,25230.49195568163,122.775,-0.0010170870626525631,0.32754867721573727,0.16130535801648385,-0.05385244370876277
BGD,Bangladesh,2025-M07,23249.23294149608,122.615,-0.0013031969049074386,-0.07852637267896763,0.16130535801648385,0.011363527753809272
BGD,Bangladesh,2025-M08,24599.28988452472,121.64,-0.00795171879460094,0.05806888108635218,0.16130535801648385,-0.017318540447851607
BGD,Bangladesh,2025-M09,24849.37364254629,121.8,0.0013153567905294032,0.01016629988896129,0.16130535801648385,-0.00032452185276243785
BGD,Bangladesh,2025-M10,25703.51270578564,122.29,0.004022988505747201,0.03437265967046039,0.16130535801648385,-0.001521505668375168
BGD,Bangladesh,2025-M11,24471.34187636611,122.26,-0.0002453185051925843,-0.04793783805052371,0.16130535801648385,0.007487311624083365
BGD,Bangladesh,2025-M12,26557.11707807969,122.325,0.0005316538524455891,0.08523338083589013,0.16130535801648385,-0.013216947158242981
BGD,Bangladesh,2026-M01,26241.80407632114,122.35,0.00020437359493146514,-0.011873013205142289,0.16130535801648385,0.0021195542407213826
BGD,Bangladesh,2026-M02,27975.77189557615,122.3,-0.0004086636697997316,0.06607654771798355,0.16130535801648385,-0.011067164855942346
BGD,Bangladesh,2026-M03,27333.77424702287,122.75,0.0036794766966476112,-0.02294834440849866,0.16130535801648385,0.007381167607346063
BGD,Bangladesh,2026-M04,28378.9633457039,122.75,0.0,0.03823800874461644,0.16130535801648385,-0.0061679956903877954
BGD,Bangladesh,2026-M05,27780.08850535071,122.75,0.0,-0.021102773665756525,0.16130535801648385,0.0034039904612956835
BGD,Bangladesh,2026-M06,31090.02581670526,122.85,0.0008146639511201167,0.1191478317542805,0.16130535801648385,-0.018404519706891883
PAK,Pakistan,2018-M02,14041.48428328997,110.58625,0.00023380885018510679,-0.0581753450581519,0.3073178024205333,0.018112128048512584
PAK,Pakistan,2018-M03,13300.33513650258,115.5052,0.04448066554386278,-0.052782820664436,0.3073178024205333,0.06070176599601436
PAK,Pakistan,2018-M04,13167.15779360356,115.60745,0.0008852415302514342,-0.010013081740588377,0.3073178024205333,0.003962439806226223
PAK,Pakistan,2018-M05,11657.05742896518,115.6142,5.8387240614655054e-05,-0.11468688902414215,0.3073178024205333,0.0353037099419616
PAK,Pakistan,2018-M06,11364.56334784448,121.5405,0.0512592743797907,-0.025091587898839498,0.3073178024205333,0.0589703660321037
PAK,Pakistan,2018-M07,11972.50101914684,124.2388,0.022200830175949607,0.05349415131006042,0.3073178024205333,0.005761125152990345
PAK,Pakistan,2018-M08,11697.03787669828,124.246,5.7952910040964905e-05,-0.023007986552519767,0.3073178024205333,0.007128716775482522
PAK,Pakistan,2018-M09,10334.00983002245,124.2374,-6.921752008113962e-05,-0.1165276252880332,0.3073178024205333,0.03574179620472059
PAK,Pakistan,2018-M10,9656.26363803864,132.5482,0.06689451002677145,-0.06558404754123784,0.3073178024205333,0.08704965539098844
PAK,Pakistan,2018-M11,9450.225082057794,140.2686,0.058245981461837903,-0.021337296049913534,0.3073178024205333,0.06480331239349366
PAK,Pakistan,2018-M12,9174.683598589474,138.79215,-0.010525876782116595,-0.02915713446777718,0.3073178024205333,-0.0015653702925993267
PAK,Pakistan,2019-M01,10039.05302831185,138.2553,-0.0038680141492151176,0.09421245108172065,0.3073178024205333,-0.0328211775763015
PAK,Pakistan,2019-M02,9926.835475722046,139.05565,0.00578892816405598,-0.011178101387982614,0.3073178024205333,0.009224157717844711
PAK,Pakistan,2019-M03,12376.85529988211,140.70085,0.011831234473392403,0.24680773950087634,0.3073178024205333,-0.06401717765039636
PAK,Pakistan,2019-M04,10688.09546406043,141.3247,0.004433875132950543,-0.13644498500663294,0.3073178024205333,0.04636584807649159
PAK,Pakistan,2019-M05,9743.005801590665,148.0547,0.04762083344242011,-0.08842451544783674,0.3073178024205333,0.0747952612099498
PAK,Pakistan,2019-M06,9246.312204770275,163.054575,0.10131306199668098,-0.05097950334169968,0.3073178024205333,0.11697997093214237
PAK,Pakistan,2019-M07,9848.364406931438,159.712218,-0.020498394479271695,0.06511268371952202,0.3073178024205333,-0.04050868134965844
PAK,Pakistan,2019-M08,10405.18835884355,156.8249,-0.018078253725084408,0.05653973887483396,0.3073178024205333,-0.035453922025529175
PAK,Pakistan,2019-M09,9836.226645215662,156.2958,-0.0033738264778106005,-0.05468057799687192,0.3073178024205333,0.013430488587272645
PAK,Pakistan,2019-M10,9934.172326660057,155.71075,-0.0037432227865369623,0.009957647884418714,0.3073178024205333,-0.006803385251653994
PAK,Pakistan,2019-M11,11052.22224704271,155.2497,-0.0029609387919588095,0.11254585521756796,0.3073178024205333,-0.037548283688961306
PAK,Pakistan,2019-M12,13421.19722556159,154.86565,-0.0024737567930888243,0.2143437695665916,0.3073178024205333,-0.06834541301882693
PAK,Pakistan,2020-M01,14137.30451266913,154.4478,-0.002698145134185581,0.05335643870456399,0.3073178024205333,-0.019095528621858072
PAK,Pakistan,2020-M02,14683.43983949488,154.2115,-0.0015299667589955955,0.03863079601463852,0.3073178024205333,-0.013401898095970203
PAK,Pakistan,2020-M03,13205.32563163988,166.40175,0.07904890361613752,-0.1006653906722342,0.3073178024205333,0.10998517025733298
PAK,Pakistan,2020-M04,14036.52844976179,160.58945,-0.03492932015438536,0.06294451506219229,0.3073178024205333,-0.05427329019772445
PAK,Pakistan,2020-M05,12023.95475149358,161.44275,0.005313549551355897,-0.14338115763248888,0.3073178024205333,0.04937713182348446
PAK,Pakistan,2020-M06,12762.70292982489,168.16615,0.04164572270975314,0.061439700464570146,0.3073178024205333,0.022764208981605624
PAK,Pakistan,2020-M07,13987.22399491458,167.5723,-0.0035313289862435155,0.09594527678209389,0.3073178024205333,-0.03301702059954643
PAK,Pakistan,2020-M08,14078.17192109947,166.4174,-0.006891950519268555,0.006502214179021983,0.3073178024205333,-0.008890196691633222
PAK,Pakistan,2020-M09,13695.62378537722,165.7857,-0.003795877113811387,-0.02717313994076971,0.3073178024205333,0.004554912537651581
PAK,Pakistan,2020-M10,13540.22027295676,160.3788,-0.03261378997102874,-0.011346946649219737,0.3073178024205333,-0.029126671262607498
PAK,Pakistan,2020-M11,14473.53814077822,159.384914,-0.006197115828276576,0.0689292972349595,0.3073178024205333,-0.02738031597691607
PAK,Pakistan,2020-M12,14591.65723039102,159.59175,0.0012977137848816818,0.008161037644279013,0.3073178024205333,-0.0012103183694293907
PAK,Pakistan,2021-M01,14406.1877356811,160.133891,0.0033970490329231625,-0.012710653202819893,0.3073178024205333,0.007303259042543285
PAK,Pakistan,2021-M02,14448.90877113997,158.105737,-0.012665363886024605,0.002965464302055334,0.3073178024205333,-0.013576703858488791
PAK,Pakistan,2021-M03,15079.93854388958,152.60595,-0.03478549927634819,0.043673178559340074,0.3073178024205333,-0.048207044535924136
PAK,Pakistan,2021-M04,17013.0115384535,153.8667,0.008261473422235512,0.12818838677212,0.3073178024205333,-0.031133099896405763
PAK,Pakistan,2021-M05,17520.2787164494,154.23185,0.002373158064740453,0.029816424731703497,0.3073178024205333,-0.006789960059843905
PAK,Pakistan,2021-M06,17532.56650569727,157.31045,0.01996085763089786,0.0007013466764276685,0.3073178024205333,0.019745321311563164
PAK,Pakistan,2021-M07,19254.24867251951,162.51475,0.033082989718737625,0.09819909516742877,0.3073178024205333,0.0029046595921986065
PAK,Pakistan,2021-M08,21608.66362088138,166.26715,0.02308959648278076,0.12228028153195059,0.3073178024205333,-0.014489310916982415
PAK,Pakistan,2021-M09,20653.19428348868,170.66505,0.02645080522520547,-0.04421695640952961,0.3073178024205333,0.040039463098706624
PAK,Pakistan,2021-M10,18614.04267711347,171.7573,0.006399962968399087,-0.0987329891146873,0.3073178024205333,0.03674236820953522
PAK,Pakistan,2021-M11,17431.97363762206,176.1478,0.02556223228939907,-0.06350415436324312,0.3073178024205333,0.04507818945288527
PAK,Pakistan,2021-M12,19028.41424527051,176.5191,0.002107888943262529,0.09158117381516548,0.3073178024205333,-0.026036636136707012
PAK,Pakistan,2022-M01,17029.8806855513,176.7423,0.0012644524020346318,-0.10502890750425738,0.3073178024205333,0.03354170544687247
PAK,Pakistan,2022-M02,17866.32776482528,177.4708,0.004121820299950814,0.04911643802552592,0.3073178024205333,-0.01097253549677813
PAK,Pakistan,2022-M03,13507.28433224583,183.5146,0.03405517978168805,-0.24398093944976268,0.3073178024205333,0.10903486592588632
PAK,Pakistan,2022-M04,11936.80327813397,185.6913,0.011861181617157495,-0.11626919338350372,0.3073178024205333,0.04759277461698387
PAK,Pakistan,2022-M05,11083.42693714408,199.0381,0.0718762806873557,-0.07149119585082866,0.3073178024205333,0.09384679788864832
PAK,Pakistan,2022-M06,11090.36274927333,204.3784,0.02683054148929282,0.0006257822755167644,0.3073178024205333,0.026638227455587287
PAK,Pakistan,2022-M07,9293.349460616082,239.7155,0.17290036520493357,-0.16203377015553375,0.3073178024205333,0.222696227367046
PAK,Pakistan,2022-M08,9577.51182371755,218.74305,-0.08748891915624973,0.03057695874944858,0.3073178024205333,-0.09688576292383357
PAK,Pakistan,2022-M09,8607.151922251214,228.04655,0.04253163700515278,-0.10131649214604538,0.3073178024205333,0.07366799872043267
PAK,Pakistan,2022-M10,9692.541247231968,220.42425,-0.033424316219648996,0.12610319125131325,0.3073178024205333,-0.07217807183321881
PAK,Pakistan,2022-M11,8602.693053785508,223.96195,0.01604950453500466,-0.11244194537296427,0.3073178024205333,0.0506049160869137
PAK,Pakistan,2022-M12,6159.2962117142,226.4731,0.011212395677033471,-0.2840269700191293,0.3073178024205333,0.09849893993147499
PAK,Pakistan,2023-M01,4003.126781132619,267.94025,0.1830996705569006,-0.3500675006473662,0.3073178024205333,0.2906816455546978
PAK,Pakistan,2023-M02,4861.22693472835,261.65185,-0.023469411557240718,0.21435747617090106,0.3073178024205333,-0.08934528006649387
PAK,Pakistan,2023-M03,5312.396864113957,283.75385,0.08447102514276117,0.09280988841777227,0.3073178024205333,0.05594889419131649
PAK,Pakistan,2023-M04,5673.07808317003,283.8366,0.00029162599908327553,0.06789425343812869,0.3073178024205333,-0.020573486764505173
PAK,Pakistan,2023-M05,4863.05125721355,285.3835,0.005449966635733555,-0.1427843604620103,0.3073178024205333,0.049330142512939844
PAK,Pakistan,2023-M06,5668.931104670347,286.39055,0.0035287604223789826,0.1657148577781088,0.3073178024205333,-0.04739836549842063
PAK,Pakistan,2023-M07,9369.667614243308,286.6645,0.0009565608921102899,0.6528102813816365,0.3073178024205333,-0.19966366017962422
PAK,Pakistan,2023-M08,9035.942446967378,305.61745,0.06611544157019807,-0.0356176100386547,0.3073178024205333,0.07706136721474896
PAK,Pakistan,2023-M09,8834.275868041654,287.77815,-0.058371339725529534,-0.022318267309616044,0.3073178024205333,-0.0515125388621043
PAK,Pakistan,2023-M10,8660.853201178046,281.52,-0.02174643905383366,-0.01963066010774815,0.3073178024205333,-0.01571358772945607
PAK,Pakistan,2023-M11,8178.854289915109,285.2464,0.013236714975845455,-0.055652589885414064,0.3073178024205333,0.030339746598442102
PAK,Pakistan,2023-M12,9442.627601766591,281.9244,-0.01164607160686341,0.15451715693355378,0.3073178024205333,-0.05913194471195182
PAK,Pakistan,2024-M01,9356.087480851496,279.64445,-0.008087097108302741,-0.00916483468001052,0.3073178024205333,-0.005270580254894417
PAK,Pakistan,2024-M02,9192.67712349475,279.2165,-0.0015303361107292129,-0.017465672236518504,0.3073178024205333,0.0038371758987949746
PAK,Pakistan,2024-M03,9258.474959533985,277.94471,-0.004554852596461921,0.007157635926434147,0.3073178024205333,-0.006754521539899921
PAK,Pakistan,2024-M04,10372.9032802426,278.352655,0.0014677199648809314,0.12036845437066548,0.3073178024205333,-0.03552364891306822
PAK,Pakistan,2024-M05,10341.33251384786,278.3797,9.716091984100845e-05,-0.003043580523388729,0.3073178024205333,0.0010325073977787693
PAK,Pakistan,2024-M06,10626.60242637619,278.3668,-4.633958582469163e-05,0.02758541146862184,0.3073178024205333,-0.008523827617227732
PAK,Pakistan,2024-M07,10458.53388932564,278.7742,0.0014635365999106054,-0.015815829962113705,0.3073178024205333,0.006324022707324215
PAK,Pakistan,2024-M08,10703.81094499676,278.57695,-0.0007075618905910117,0.023452336461945104,0.3073178024205333,-0.007914882393702926
PAK,Pakistan,2024-M09,11978.34433764437,277.74875,-0.002972966715300882,0.11907286098353229,0.3073178024205333,-0.03956617668068568
PAK,Pakistan,2024-M10,12461.89711329322,277.8517,0.00037065873383776237,0.040368915938506424,0.3073178024205333,-0.012035427798483272
PAK,Pakistan,2024-M11,13270.67621831829,278.07365,0.0007988074213689984,0.06490015907468348,0.3073178024205333,-0.019146166842205763
PAK,Pakistan,2024-M12,12977.15080975311,278.56715,0.0017747096857254905,-0.022118346023694654,0.3073178024205333,0.008572071178904274
PAK,Pakistan,2025-M01,12666.2354876341,278.9839,0.0014960486187979417,-0.023958673724076503,0.3073178024205333,0.008858975576591708
PAK,Pakistan,2025-M02,12513.11517817952,279.68125,0.002499606608123163,-0.012088856993387617,0.3073178024205333,0.006214727573107141
PAK,Pakistan,2025-M03,11903.18115333595,280.17205,0.0017548548570919063,-0.04874357952903507,0.3073178024205333,0.01673462460006546
PAK,Pakistan,2025-M04,11571.78741407266,280.9739,0.0028619914084934655,-0.027840770882531278,0.3073178024205333,0.01141795593380655
PAK,Pakistan,2025-M05,12792.32872211293,282.00055,0.003653898102279112,0.10547560755877247,0.3073178024205333,-0.028760633821653434
PAK,Pakistan,2025-M06,15836.61038307219,283.7493,0.0062012290401562324,0.2379771288785667,0.3073178024205333,-0.06693337923315293
PAK,Pakistan,2025-M07,15645.00957946812,282.8537,-0.003156307345956454,-0.012098599319515504,0.3073178024205333,0.0005618076092836102
PAK,Pakistan,2025-M08,15656.23900161505,281.7779,-0.0038033796269945036,0.0007177638396378005,0.3073178024205333,-0.004023961232848917
PAK,Pakistan,2025-M09,15492.00870079602,281.2963,-0.0017091475236348005,-0.010489767101925862,0.3073178024205333,0.0015145446500322618
PAK,Pakistan,2025-M10,15809.22815643041,280.91285,-0.0013631533724403134,0.020476328264525927,0.3073178024205333,-0.007655893576335874
PAK,Pakistan,2025-M11,15861.66673277069,280.46925,-0.0015791374442287122,0.003316959931339178,0.3073178024205333,-0.0025984982810448314
PAK,Pakistan,2025-M12,17360.45449035917,280.06645,-0.0014361645706258829,0.0944911895350783,0.3073178024205333,-0.03047498928664824
PAK,Pakistan,2026-M01,17440.05989766221,279.70275,-0.001298620380984564,0.004585444888395439,0.3073178024205333,-0.002707809227206718
PAK,Pakistan,2026-M02,17613.71678039794,279.40005,-0.0010822203213946195,0.009957355866593543,0.3073178024205333,-0.004142293044235352
PAK,Pakistan,2026-M03,17688.73454564797,279.09465,-0.0010930563541417407,0.004259053678750969,0.3073178024205333,-0.0024019393710865765
PAK,Pakistan,2026-M04,17198.36018610654,278.72755,-0.0013153243890558044,-0.027722410457116587,0.3073178024205333,0.007204265870425277
PAK,Pakistan,2026-M05,18465.38333266713,278.43605,-0.0010458241390202906,0.07367116009025892,0.3073178024205333,-0.02368628315972996
PAK,Pakistan,2026-M06,19689.02304211354,278.08925,-0.001245528371775243,0.06626668330690248,0.3073178024205333,-0.02161045985934995
VNM,Vietnam,2018-M02,55934.78710216782,22463.0,0.000980348469319549,0.05336136974141943,0.14689755908239968,-0.006858306494988387
VNM,Vietnam,2018-M03,56264.55926457717,22458.0,-0.00022258825624360057,0.005895654198289883,0.14689755908239968,-0.0010886454671662864
VNM,Vietnam,2018-M04,56270.91684460295,22539.0,0.003606732567459257,0.00011299439840782345,0.14689755908239968,0.003590133966143164
VNM,Vietnam,2018-M05,56706.94920115032,22595.0,0.0024845822796042416,0.007748804906653783,0.14689755908239968,0.0013463017530110789
VNM,Vietnam,2018-M06,57761.45074627118,22650.0,0.0024341668510732464,0.018595631751945303,0.14689755908239968,-0.00029748606288268606
VNM,Vietnam,2018-M07,57821.92908751059,22669.0,0.0008388520971302428,0.0010470363963861165,0.14689755908239968,0.0006850450062306905
VNM,Vietnam,2018-M08,57285.69035323398,22678.0,0.00039701795403414357,-0.009273968245940711,0.14689755908239968,0.0017593412523705177
VNM,Vietnam,2018-M09,57006.10944093694,22714.0,0.0015874415733309816,-0.0048804668421222105,0.14689755908239968,0.0023043702396213215
VNM,Vietnam,2018-M10,55138.41667651201,22726.0,0.0005283085321827948,-0.032763028081402655,0.14689755908239968,0.005341117385488961
VNM,Vietnam,2018-M11,55060.05540171631,22750.0,0.0010560591393118015,-0.0014211738297716088,0.14689755908239968,0.0012648261059370366
VNM,Vietnam,2018-M12,55452.62258256086,22825.0,0.0032967032967032967,0.0071297999607955,0.14689755908239968,0.002249353085716649
VNM,Vietnam,2019-M01,59375.27023097503,22868.0,0.0018838992332968236,0.07073872191660399,0.14689755908239968,-0.008507446348860952
VNM,Vietnam,2019-M02,60682.4619582844,22915.0,0.002055273744971139,0.022015760471056054,0.14689755908239968,-0.0011787877295697771
VNM,Vietnam,2019-M03,62375.80413504347,22980.0,0.002836569932358717,0.02790496829089008,0.14689755908239968,-0.0012626017958447984
VNM,Vietnam,2019-M04,64260.71645977279,23028.0,0.0020887728459530026,0.03021864568909583,0.14689755908239968,-0.002350272444551055
VNM,Vietnam,2019-M05,63555.83345961509,23065.0,0.001606739621330554,-0.010969112063961464,0.14689755908239968,0.003218075408827796
VNM,Vietnam,2019-M06,64279.67338857107,23066.0,4.3355733795794494e-05,0.0113890399913633,0.14689755908239968,-0.0016296664412273087
VNM,Vietnam,2019-M07,64744.53199028405,23073.0,0.0003034769791034423,0.007231813374391385,0.14689755908239968,-0.0007588587533341045
VNM,Vietnam,2019-M08,66726.62818504871,23133.0,0.002600442075152776,0.03061410954460386,0.14689755908239968,-0.0018966958904307251
VNM,Vietnam,2019-M09,69186.74507826059,23161.0,0.00121039208057753,0.03686859294597336,0.14689755908239968,-0.004205514229988536
VNM,Vietnam,2019-M10,70510.86511273756,23145.0,-0.0006908164587021286,0.01913834843623871,0.14689755908239968,-0.0035021931288540566
VNM,Vietnam,2019-M11,73827.95854802062,23162.0,0.00073449989198531,0.047043720566744676,0.14689755908239968,-0.006176107829423967
VNM,Vietnam,2019-M12,78334.83518260904,23155.0,-0.00030221915205940766,0.06104566241875659,0.14689755908239968,-0.00926967795394293
VNM,Vietnam,2020-M01,81525.20761068624,23196.0,0.0017706758799395379,0.040727377808863874,0.14689755908239968,-0.0042120765080092566
VNM,Vietnam,2020-M02,81120.28807868352,23224.0,0.0012071046732195206,-0.004966801604926483,0.14689755908239968,0.0019367157054297661
VNM,Vietnam,2020-M03,81678.94518697054,23235.0,0.00047364795039614194,0.0068867742154113875,0.14689755908239968,-0.0005380023717993991
VNM,Vietnam,2020-M04,81790.78242041732,23257.0,0.0009468474284484614,0.0013692296489723297,0.14689755908239968,0.0007457109351911753
VNM,Vietnam,2020-M05,83221.69047448525,23261.0,0.00017199122844734917,0.017494734879938405,0.14689755908239968,-0.0023979426222093215
VNM,Vietnam,2020-M06,83746.60584601838,23229.0,-0.0013756932204118482,0.006307434618791679,0.14689755908239968,-0.002302239969984172
VNM,Vietnam,2020-M07,84508.82645687315,23213.0,-0.0006887941796891817,0.009101510480988737,0.14689755908239968,-0.0020257838533093045
VNM,Vietnam,2020-M08,88182.12076060814,23200.0,-0.0005600310171024857,0.04346639821829214,0.14689755908239968,-0.006945138817473167
VNM,Vietnam,2020-M09,88739.90971932966,23215.0,0.000646551724137931,0.006325420095483661,0.14689755908239968,-0.0002826370480593783
VNM,Vietnam,2020-M10,90440.72236771524,23201.0,-0.0006030583674348481,0.01916626525500168,0.14689755908239968,-0.003418535950120402
VNM,Vietnam,2020-M11,92938.70642040457,23155.0,-0.001982673160639628,0.027620124953591126,0.14689755908239968,-0.006040002097873042
VNM,Vietnam,2020-M12,94833.61615045044,23131.0,-0.0010364931980133881,0.02038881111034963,0.14689755908239968,-0.00403155978271586
VNM,Vietnam,2021-M01,97421.76341919551,23160.0,0.0012537287622670875,0.02729145395699202,0.14689755908239968,-0.0027553192078247388
VNM,Vietnam,2021-M02,98106.0980537021,23130.0,-0.0012953367875647669,0.007024453371491141,0.14689755908239968,-0.0023272118417249485
VNM,Vietnam,2021-M03,98311.01550827437,23244.0,0.004928664072632944,0.0020887331026060046,0.14689755908239968,0.0046218342782855144
VNM,Vietnam,2021-M04,100835.1136196213,23158.0,-0.0036998795388057133,0.025674621488723105,0.14689755908239968,-0.007471418765863665
VNM,Vietnam,2021-M05,101660.1022321551,23135.0,-0.0009931773037395284,0.008181560796826052,0.14689755908239968,-0.002195028614277528
VNM,Vietnam,2021-M06,100215.8648435071,23178.0,0.0018586557164469418,-0.01420653094908253,0.14689755908239968,0.003945560435895733
VNM,Vietnam,2021-M07,102278.7131232658,23180.0,8.628872206402623e-05,0.02058404907226978,0.14689755908239968,-0.0029374578426847385
VNM,Vietnam,2021-M08,106934.8391594896,23130.0,-0.0021570319240724763,0.04552390125022648,0.14689755908239968,-0.00884438189763895
VNM,Vietnam,2021-M09,107178.5683221469,23162.0,0.0013834846519671423,0.0022792306471213293,0.14689755908239968,0.0010486712333192209
VNM,Vietnam,2021-M10,107382.3088621476,23131.0,-0.0013383991019773767,0.001900944780194567,0.14689755908239968,-0.0016176432501383874
VNM,Vietnam,2021-M11,109965.3748691657,23139.0,0.00034585621028057585,0.024054856283022456,0.14689755908239968,-0.0031877434617733486
VNM,Vietnam,2021-M12,109371.3534428329,23145.0,0.000259302476338649,-0.005401895160540739,0.14689755908239968,0.0010528276898411112
VNM,Vietnam,2022-M01,111568.874987982,23099.0,-0.0019874702959602505,0.020092295431798905,0.14689755908239968,-0.004938979451253959
VNM,Vietnam,2022-M02,110903.7453679371,23140.0,0.0017749686133598857,-0.005961605511542052,0.14689755908239968,0.002650713911217594
VNM,Vietnam,2022-M03,108240.2344502198,23100.0,-0.001728608470181504,-0.02401641990431223,0.14689755908239968,0.0017993449916599217
VNM,Vietnam,2022-M04,107296.0545483142,23140.0,0.0017316017316017316,-0.008723003111563137,0.14689755908239968,0.003012989596558534
VNM,Vietnam,2022-M05,104752.3834376877,23057.0,-0.0035868625756266207,-0.023707033043615905,0.14689755908239968,-0.00010435728843365176
VNM,Vietnam,2022-M06,103261.7626130739,23110.0,0.002298651168842434,-0.014229946619787538,0.14689755908239968,0.004388995593162068
VNM,Vietnam,2022-M07,100436.658451866,23176.0,0.0028559065339679793,-0.027358666845477754,0.14689755908239968,0.006874827913317237
VNM,Vietnam,2022-M08,93902.00543436279,23219.0,0.0018553676216775975,-0.06506242957729348,0.14689755908239968,0.011412879714552536
VNM,Vietnam,2022-M09,87583.78003826842,23400.0,0.007795340023256815,-0.06728530841133935,0.14689755908239968,0.017679387590989023
VNM,Vietnam,2022-M10,85888.51410377993,23695.0,0.012606837606837607,-0.019355934783218624,0.14689755908239968,0.01545017718025054
VNM,Vietnam,2022-M11,85299.1315910107,23679.35,-0.0006604768938595255,-0.006862180804025591,0.14689755908239968,0.00034756071623393274
VNM,Vietnam,2022-M12,86539.53096664506,23612.0,-0.0028442503700481033,0.014541758544293201,0.14689755908239968,-0.004980399204970404
VNM,Vietnam,2023-M01,88271.1110424471,23609.0,-0.00012705404031848212,0.02000912249535345,0.14689755908239968,-0.0030663452942666382
VNM,Vietnam,2023-M02,87644.67047789766,23644.0,0.0014824854928205346,-0.007096778970508291,0.14689755908239968,0.0025249850009355077
VNM,Vietnam,2023-M03,88211.95029377146,23600.0,-0.0018609372356623245,0.006472496419697965,0.14689755908239968,-0.0028117311608855267
VNM,Vietnam,2023-M04,90023.80824309726,23639.0,0.001652542372881356,0.02053982417678995,0.14689755908239968,-0.001364707662670747
VNM,Vietnam,2023-M05,89541.72688709652,23714.0,0.0031727230424298826,-0.005355042909303959,0.14689755908239968,0.0039593657745881465
VNM,Vietnam,2023-M06,91107.92974917468,23758.0,0.0018554440414944758,0.017491318478288838,0.14689755908239968,-0.0007139879480990282
VNM,Vietnam,2023-M07,89110.81366954638,23758.0,0.0,-0.021920332128350206,0.14689755908239968,0.003220043283930148
VNM,Vietnam,2023-M08,89552.90993399502,23997.0,0.010059769340853607,0.0049611965848285035,0.14689755908239968,0.009330981672414362
VNM,Vietnam,2023-M09,89474.92749404973,24089.0,0.0038338125599033214,-0.0008707973867378381,0.14689755908239968,0.003961730570470442
VNM,Vietnam,2023-M10,89044.70882321711,24087.0,-8.302544729959733e-05,-0.004808259507795962,0.14689755908239968,0.00062329613783037
VNM,Vietnam,2023-M11,89956.75536088701,23891.0,-0.008137169427492008,0.010242568589680161,0.14689755908239968,-0.009641777752050081
VNM,Vietnam,2023-M12,92237.54081224676,23866.0,-0.0010464191536561885,0.025354243182846455,0.14689755908239968,-0.004770895589597905
VNM,Vietnam,2024-M01,89983.87302947689,23991.0,0.0052375764686164415,-0.024433303001402704,0.14689755908239968,0.008826769039843169
VNM,Vietnam,2024-M02,90199.71673620892,24002.0,0.0004585052728106373,0.0023986932265221317,0.14689755908239968,0.00010614309284705053
VNM,Vietnam,2024-M03,90955.5640793688,24003.0,4.166319473377219e-05,0.008379708612282847,0.14689755908239968,-0.0011892955462323408
VNM,Vietnam,2024-M04,90095.55316450658,24246.0,0.010123734533183352,-0.009455286474962367,0.14689755908239968,0.011512693036780151
VNM,Vietnam,2024-M05,86001.84873006419,24261.0,0.0006186587478346944,-0.045437363894837816,0.14689755908239968,0.007293296595125127
VNM,Vietnam,2024-M06,84723.08249545877,24260.0,-4.121841638844236e-05,-0.014869055182977561,0.14689755908239968,0.002143009495852465
VNM,Vietnam,2024-M07,83083.52375435887,24255.0,-0.00020610057708161583,-0.019351972246616278,0.14689755908239968,0.0026366569093766576
VNM,Vietnam,2024-M08,83920.94390084675,24224.0,-0.0012780869923727067,0.010079256495713295,0.14689755908239968,-0.0027587051689584112
VNM,Vietnam,2024-M09,84286.27787518938,24093.0,-0.005407859973579921,0.004353311073029375,0.14689755908239968,-0.006047350744134318
VNM,Vietnam,2024-M10,84375.87704505053,24243.0,0.006225874735400324,0.0010630338902119377,0.14689755908239968,0.006069717651706323
VNM,Vietnam,2024-M11,83920.56085766692,24251.0,0.0003299921626861362,-0.005396283906364631,0.14689755908239968,0.0011226930966467372
VNM,Vietnam,2024-M12,83081.8549281161,24335.0,0.0034637746897035176,-0.009994045809266048,0.14689755908239968,0.0049318756244423854
VNM,Vietnam,2025-M01,80853.01178107732,24325.0,-0.0004109307581672488,-0.02682707492468973,0.14689755908239968,0.0035299010655903233
VNM,Vietnam,2025-M02,81345.67673848732,24726.0,0.01648509763617677,0.006093340823765126,0.14689755908239968,0.015590000742508537
VNM,Vietnam,2025-M03,82553.09706196238,24837.0,0.004489201650084931,0.014843079213130326,0.14689755908239968,0.0023087895444093803
VNM,Vietnam,2025-M04,82038.34396929215,24956.0,0.004791238877481177,-0.006235418306400664,0.14689755908239968,0.005707206606549145
VNM,Vietnam,2025-M05,81694.06932224269,24978.0,0.0008815515306940214,-0.004196508978512854,0.14689755908239968,0.0014980084563049343
VNM,Vietnam,2025-M06,83067.01894751305,25052.0,0.0029626070942429337,0.01680598893727214,0.14689755908239968,0.0004938483413918443
VNM,Vietnam,2025-M07,82220.2346220883,25240.0,0.007504390866996647,-0.010193989577979116,0.14689755908239968,0.0090018630533132
VNM,Vietnam,2025-M08,82770.34525869395,25240.0,0.0,0.006690696507181484,0.14689755908239968,-0.0009828469854660973
VNM,Vietnam,2025-M09,84173.01304612364,25187.0,-0.002099841521394612,0.016946501588772284,0.14689755908239968,-0.004589241239771268
VNM,Vietnam,2025-M10,82210.46805168148,25093.0,-0.0037320840115932824,-0.02331560821479392,0.14689755908239968,-0.00030707807631850936
VNM,Vietnam,2025-M11,83341.4234189683,25155.0,0.00247080859203762,0.01375682919814843,0.14689755908239968,0.0004499639621161301
VNM,Vietnam,2025-M12,85580.36798096939,25121.0,-0.001351619956271119,0.026864726688739307,0.14689755908239968,-0.005297982732262721
VNM,Vietnam,2026-M01,84544.6221431424,25074.0,-0.0018709446280004776,-0.012102610239503766,0.14689755908239968,-9.310072529171778e-05
VNM,Vietnam,2026-M02,86387.15114479438,25044.0,-0.0011964584828906438,0.021793568354145438,0.14689755908239968,-0.00439788047781004
VNM,Vietnam,2026-M03,85366.1205263879,25102.0,0.0023159239738061014,-0.011819241691338139,0.14689755908239968,0.004052141728468607
VNM,Vietnam,2026-M04,84517.36549402212,25113.0,0.00043821209465381246,-0.009942527868575397,0.14689755908239968,0.0018987451696562722
VNM,Vietnam,2026-M05,85051.55293849373,25139.0,0.0010353203520089198,0.006320445997685428,0.14689755908239968,0.00010686226263680802
VNM,Vietnam,2026-M06,88260.96215176965,25206.0,0.0026651815903576117,0.037734869057556845,0.14689755908239968,-0.0028779785664914603
