month,EMP,pct_change_exchange_rate,pct_change_reserves,remittances_usd_mn,energy_price_index,period_label
2024-M05,0.0814024852661557,0.07,-0.0706888190595041,2254.93,182.8789595454863,Pre-reform
2024-M06,-0.0254588478805591,0.0025488530161427,0.1736315596772656,2538.6,186.0419237433811,Pre-reform
2024-M07,0.0102791738331722,0.0,-0.0637249373459859,1913.77,185.9345287924445,Pre-reform
2024-M08,0.0168161411267867,0.0169491525423728,0.0008245939082351,2224.15,181.705164524972,Pre-reform
2024-M09,0.0056758749394355,0.0,-0.03518714448937,2404.11,170.4434378104248,Pre-reform
2024-M10,0.000720858632199,0.0,-0.004468906929461,2395.08,177.0238586812286,Pre-reform
2024-M11,0.0100639076408911,0.0,-0.0623904113579582,2199.99,177.3429905202664,Pre-reform
2024-M12,-0.0259401942812424,0.0,0.1608142134906117,2638.78,177.4299483669488,Pre-reform
2025-M01,0.0280589593154474,0.0160493827160499,-0.0744524344824938,2185.23,188.622773766699,Pre-reform
2025-M02,-0.00721743987193,0.0006075334143372,0.0485103122579949,2527.65,183.1358024813104,Pre-reform
2025-M03,0.0051710161370839,0.0,-0.0320573116768728,3295.63,172.7630795754744,Pre-reform
2025-M04,-0.0128354125066801,0.0,0.0795721398502367,2752.33,159.4597637582432,Pre-reform
2025-M05,0.019000640725178,0.0073770491803279,-0.0720595502082598,2969.56,154.2231656881384,Reform month
2025-M06,-0.0538524437087627,-0.0010170870626525,0.3275486772157372,2822.53,167.0528804982224,Post-reform
2025-M07,0.0113635277538092,-0.0013031969049074,-0.0785263726789676,2477.87,165.0866976866895,Post-reform
2025-M08,-0.0173185404478516,-0.0079517187946009,0.0580688810863521,2421.89,158.2508456044989,Post-reform
2025-M09,-0.0003245218527624,0.0013153567905294,0.0101662998889612,2685.56,157.8576001483637,Post-reform
2025-M10,-0.0015215056683751,0.0040229885057472,0.0343726596704603,2562.44,151.1148708189346,Post-reform
2025-M11,0.0074873116240833,-0.0002453185051925,-0.0479378380505237,2889.73,152.7264220051001,Post-reform
2025-M12,-0.0132169471582429,0.0005316538524455,0.0852333808358901,3223.67,147.3514065804908,Post-reform
2026-M01,0.0021195542407213,0.0002043735949314,-0.0118730132051422,3171.63,153.6561816639817,Post-reform
2026-M02,-0.0110671648559423,-0.0004086636697997,0.0660765477179835,3019.45,159.2083540785469,Post-reform
2026-M03,0.007381167607346,0.0036794766966476,-0.0229483444084986,3752.21,242.277532944728,Post-reform
2026-M04,-0.0061679956903877,0.0,0.0382380087446164,3123.32,229.3832997719893,Post-reform
2026-M05,0.0034039904612956,0.0,-0.0211027736657565,3442.58,231.9829381765724,Post-reform
