country_iso3,country_name,window,variable,n,mean,median,sd,min,max
BGD,Bangladesh,Pre-reform (2024-M05 to 2025-M04),EMP_klr,12,0.0072280435292299905,0.0054234455382597,0.02840265859675431,-0.0259401942812424,0.0814024852661557
BGD,Bangladesh,Reform month (2025-M05),EMP_klr,1,0.019000640725178,0.019000640725178,,0.019000640725178,0.019000640725178
BGD,Bangladesh,Post-reform (2025-M06 to 2026-M05),EMP_klr,12,-0.005976130641255775,-0.00092301376056875,0.01748982321525425,-0.0538524437087627,0.0113635277538092
BGD,Bangladesh,Full historical (2018-M02 to 2026-M06),EMP_klr,101,0.0037225571295728737,0.0020483143585204,0.016043311177877356,-0.0538524437087627,0.0814024852661557
PAK,Pakistan,Pre-reform (2024-M05 to 2025-M04),EMP_klr,12,-0.002335966363727276,0.0036236174854429,0.015922514370896763,-0.0395661766806856,0.0167346246000654
PAK,Pakistan,Reform month (2025-M05),EMP_klr,1,-0.0287606338216534,-0.0287606338216534,,-0.0287606338216534,-0.0287606338216534
PAK,Pakistan,Post-reform (2025-M06 to 2026-M05),EMP_klr,12,-0.011278702356879,-0.0033658852300278,0.020470957108372125,-0.0669333792331529,0.0072042658704252
PAK,Pakistan,Full historical (2018-M02 to 2026-M06),EMP_klr,101,0.00694835982978213,-0.0012103183694293,0.05969560008517077,-0.1996636601796242,0.2906816455546978
VNM,Vietnam,Pre-reform (2024-M05 to 2025-M04),EMP_klr,12,0.003543924284926158,0.00308327898748345,0.005343144190081606,-0.0060473507441343,0.0155900007425085
VNM,Vietnam,Reform month (2025-M05),EMP_klr,1,0.0014980084563049,0.0014980084563049,,0.0014980084563049,0.0014980084563049
VNM,Vietnam,Post-reform (2025-M06 to 2026-M05),EMP_klr,12,2.794119005521524e-05,6.880768672541107e-06,0.0039433152962619275,-0.0052979827322627,0.0090018630533132
VNM,Vietnam,Full historical (2018-M02 to 2026-M06),EMP_klr,101,0.0003780230051037176,-9.310072529171778e-05,0.005151010776415927,-0.00964177775205,0.017679387590989
