variable_code,frequency,country_iso3,n_obs,first_period,last_period
EMP_klr,Monthly,BGD,101,2018-M02,2026-M06
EMP_klr,Monthly,PAK,101,2018-M02,2026-M06
EMP_klr,Monthly,VNM,101,2018-M02,2026-M06
cpi_inflation,Annual,BGD,9,2018,2026
cpi_inflation,Annual,PAK,9,2018,2026
cpi_inflation,Annual,VNM,9,2018,2026
current_account_balance,Quarterly,BGD,33,2018-Q1,2026-Q1
current_account_balance,Quarterly,PAK,34,2018-Q1,2026-Q2
current_account_balance,Quarterly,VNM,33,2018-Q1,2026-Q1
energy_price_index,Monthly,WLD,104,2018-M01,2026-M08
exchange_rate_eop,Monthly,BGD,104,2018-M01,2026-M08
exchange_rate_eop,Monthly,PAK,103,2018-M01,2026-M07
exchange_rate_eop,Monthly,VNM,102,2018-M01,2026-M06
gdp_growth,Annual,BGD,9,2018,2026
gdp_growth,Annual,PAK,9,2018,2026
gdp_growth,Annual,VNM,9,2018,2026
goods_exports,Quarterly,BGD,33,2018-Q1,2026-Q1
goods_exports,Quarterly,PAK,34,2018-Q1,2026-Q2
goods_exports,Quarterly,VNM,33,2018-Q1,2026-Q1
goods_imports,Quarterly,BGD,33,2018-Q1,2026-Q1
goods_imports,Quarterly,PAK,34,2018-Q1,2026-Q2
goods_imports,Quarterly,VNM,33,2018-Q1,2026-Q1
remittances,Monthly,BGD,103,2018-M01,2026-M07
remittances,Monthly,PAK,104,2018-M01,2026-M08
reserves_excl_gold,Monthly,BGD,103,2018-M01,2026-M07
reserves_excl_gold,Monthly,PAK,103,2018-M01,2026-M07
reserves_excl_gold,Monthly,VNM,102,2018-M01,2026-M06
